title,picture
Cinnamon Crumble Cereal,1.png
Granulated White Sugar,2.jpg
Kirkland Pacific Gold Dark Extra Bold K Cups,3.jpg
Vitamin A & Skim Milk,4.jpg
Almond non dairy Beberage,5.jpg
Coconut Water,6.jpg
Diet Coke,7.jpg
Premium Water,8.jpg
Sparkling Water Variety,9.jpg
Apples,10.jpg
Bananas,11.jpg
Frozen Blueberries,12.jpg
Frozen Mango,13.jpg
Lemons,14.jpg
Small Hass Avocado,15.jpg
Bathroom Hand Towels,16.jpg
Dishwashing Detergent,
Kleenex,
Method Foaming Hand Wash 10oz,19.jpg
Paper Towels,
Scotch-Brite Non-Scratch Scrub Sponge,21.jpg
"Stout Eco Trash Bags, 39 Gallons",22.jpg
Toilet paper,
Toilet seatcovers,
Cayenne red Pepper,25.jpg
Natural Peanut Butter,26.jpg
Vegetable Lasagna,27.jpg
Tuna Select Chunk,28.jpg
Clif Bar Variety pack,29.jpg
Clif Builder's Variety Pack,30.jpg
"Fruit and Nut Food bar, Cashew Cookie",31.jpg
Golden Roasted Flax Seed,32.jpg
Natural Almonds,33.jpg
Organic Valley Mozzarella Stringles,34.jpg
Peanut Butter Cookie,35.jpg
Sahale Snacks Variety Pack,36.jpg
Wintermint Sugarfree Gum,37.jpg